Workbook

Sheet Roger logging
A1: Calculations | D1: Data
A2: Cycle Time (seconds) | B2: Server BioRev Call (seconds) | C2: Backend to Frontend (seconds) | D2: selection made | E2: BioRev Visualizer GetScene Start {Front End} | F2: Visualizer Controler GetScene Start {Backend} | G2: BioRev Provider Get render Start | H2: BioRev Provider Get render End | I2: Visualizer Controller GetScene End {Backend} | J2: BioRev Visualizer GetScene End {Front End}
A3: =($J3-IF(ISBLANK($D3), $E3, $D3))*86400 -> 8 | B3: =(H3-G3)*86400 -> 5.0869016 | C3: =(J3-I3)*86400 -> 0.58209929 | D3: 46049.531 | E3: 46049.531 | F3: 46049.531 | G3: 46049.531 | H3: 46049.531 | I3: 46049.531 | J3: 46049.531
A4: =($J4-IF(ISBLANK($D4), $E4, $D4))*86400 -> 8 | B4: =(H4-G4)*86400 -> 5.1901008 | C4: =(J4-I4)*86400 -> 1.3478993 | D4: 46049.532 | E4: 46049.532 | F4: 46049.532 | G4: 46049.532 | H4: 46049.532 | I4: 46049.532 | J4: 46049.532
A5: =($J5-IF(ISBLANK($D5), $E5, $D5))*86400 -> 8 | B5: =(H5-G5)*86400 -> 5.7214995 | C5: =(J5-I5)*86400 -> 1.2037999 | D5: 46049.532 | E5: 46049.532 | F5: 46049.532 | G5: 46049.532 | H5: 46049.532 | I5: 46049.532 | J5: 46049.532
A6: =($J6-IF(ISBLANK($D6), $E6, $D6))*86400 -> 11 | B6: =(H6-G6)*86400 -> 7.4134009 | C6: =(J6-I6)*86400 -> 2.3807995 | D6: 46049.532 | E6: 46049.532 | F6: 46049.532 | G6: 46049.532 | H6: 46049.532 | I6: 46049.532 | J6: 46049.532
A7: =($J7-IF(ISBLANK($D7), $E7, $D7))*86400 -> 8.0000006 | B7: =(H7-G7)*86400 -> 1.0490997 | C7: =(J7-I7)*86400 -> 5.8454999 | D7: 46049.559 | E7: 46049.559 | F7: 46049.559 | G7: 46049.559 | H7: 46049.559 | I7: 46049.559 | J7: 46049.559
A8: =($J8-IF(ISBLANK($D8), $E8, $D8))*86400 -> 12.000001 | B8: =(H8-G8)*86400 -> 7.2685993 | C8: =(J8-I8)*86400 -> 3.8657015 | D8: 46049.559 | E8: 46049.559 | F8: 46049.559 | G8: 46049.559 | H8: 46049.559 | I8: 46049.559 | J8: 46049.559
A9: =($J9-IF(ISBLANK($D9), $E9, $D9))*86400 -> 16.000001 | B9: =(H9-G9)*86400 -> 11.5477 | C9: =(J9-I9)*86400 -> 3.0823007 | D9: 46049.559 | E9: 46049.559 | F9: 46049.559 | G9: 46049.559 | H9: 46049.559 | I9: 46049.559 | J9: 46049.559
A10: =($J10-IF(ISBLANK($D10), $E10, $D10))*86400 -> 15 | B10: =(H10-G10)*86400 -> 9.2520005 | C10: =(J10-I10)*86400 -> 4.6199998 | E10: 46049.559 | F10: 46049.559 | G10: 46049.559 | H10: 46049.559 | I10: 46049.559 | J10: 46049.559
A11: =($J11-IF(ISBLANK($D11), $E11, $D11))*86400 -> 14 | B11: =(H11-G11)*86400 -> 8.5149998 | C11: =(J11-I11)*86400 -> 4.4080001 | E11: 46049.559 | F11: 46049.559 | G11: 46049.559 | H11: 46049.56 | I11: 46049.56 | J11: 46049.56
A12: =AVERAGE(A3:A11) -> 11.111111 | B12: =AVERAGE(B3:B11) -> 6.7827002 | C12: =AVERAGE(C3:C11) -> 3.0373445

Sheet Straight Postman
A1: number | B1: scene | C1: details | D1: total time
A2: 1-createScene | B2: master-bathroom | C2: cabinets=e53597de-bec5-4a52-b446-b3b7233785e3 | D2: 0.984
A3: 2-createScene | B3: master-bathroom | C3: cabinets=8bae0077-6efa-4c08-bb07-1860a6c569d0 | D3: 0.809
A4: 3-createScene | B4: master-bathroom | C4: cabinets=8bae0077-6efa-4c08-bb07-1860a6c569d0; countertops=d3708f7a-c8aa-4020-b0c5-f7423e005caf | D4: 1.18
A5: 4-createScene | B5: master-bathroom | C5: cabinets=8bae0077-6efa-4c08-bb07-1860a6c569d0; countertops=beba38d2-351e-413e-b664-98f49f753187 | D5: 0.85
A6: 5-createScene | B6: kitchen | C6: cabinets=7fdfdff4-c67d-4bf4-a234-1d7db5669396 | D6: 1.19
A7: 6-createScene | B7: kitchen | C7: cabinets=7fdfdff4-c67d-4bf4-a234-1d7db5669396; countertop=beba38d2-351e-413e-b664-98f49f753187 | D7: 2.56
A8: 7-createScene | B8: kitchen | C8: cabinets=7fdfdff4-c67d-4bf4-a234-1d7db5669396; countertop=d3708f7a-c8aa-4020-b0c5-f7423e005caf | D8: 2.27
A9: 8-createScene | B9: kitchen | C9: cabinets=7fdfdff4-c67d-4bf4-a234-1d7db5669396; countertop=d3708f7a-c8aa-4020-b0c5-f7423e005caf; electric-range=18c3e6f9-d3ef-4949-a3b4-d860074a0127 | D9: 7.05
A10: 9-createScene | B10: kitchen | C10: cabinets=7fdfdff4-c67d-4bf4-a234-1d7db5669396; countertop=d3708f7a-c8aa-4020-b0c5-f7423e005caf; electric-range=18c3e6f9-d3ef-4949-a3b4-d860074a0127; refrigerator=f07b076f-00a4-41ef-97ab-3686f696687b | D10: 1.55

Sheet Roger vs Postman
A1: Scene | B1: Delta between Roger Server call and local Postman
A2: ='Straight Postman'!B2 -> master-bathroom | B2: ='Roger logging'!B3-'Straight Postman'!D2 -> 4.1029016
A3: ='Straight Postman'!B3 -> master-bathroom | B3: ='Roger logging'!B4-'Straight Postman'!D3 -> 4.3811008
A4: ='Straight Postman'!B4 -> master-bathroom | B4: ='Roger logging'!B5-'Straight Postman'!D4 -> 4.5414995
A5: ='Straight Postman'!B5 -> master-bathroom | B5: ='Roger logging'!B6-'Straight Postman'!D5 -> 6.5634009
A6: ='Straight Postman'!B6 -> kitchen | B6: ='Roger logging'!B7-'Straight Postman'!D6 -> -0.14090025
A7: ='Straight Postman'!B7 -> kitchen | B7: ='Roger logging'!B8-'Straight Postman'!D7 -> 4.7085993
A8: ='Straight Postman'!B8 -> kitchen | B8: ='Roger logging'!B9-'Straight Postman'!D8 -> 9.2777
A9: ='Straight Postman'!B9 -> kitchen | B9: ='Roger logging'!B10-'Straight Postman'!D9 -> 2.2020005
A10: ='Straight Postman'!B10 -> kitchen | B10: ='Roger logging'!B11-'Straight Postman'!D10 -> 6.9649998
