Workbook

Sheet Gannt_11052025_11182025
A3: Data
A4: Work item | B4: Name | C4: Estimated Work | D4: Remaining Work
A5: {=_xlfn._xlws.FILTER(VSTS_3e70086c_f553_49d1_81be_7ca3114b6431[ID], (VSTS_3e70086c_f553_49d1_81be_7ca3114b6431[Work Item Type]="Product Backlog Item")+(VSTS_3e70086c_f553_49d1_81be_7ca3114b6431[Work Item Type]="Bug"))} -> 24239 | B5: =_xlfn.XLOOKUP($A5, VSTS_3e70086c_f553_49d1_81be_7ca3114b6431[ID], VSTS_3e70086c_f553_49d1_81be_7ca3114b6431[Title]) -> Branding: Variablize font color for categories in option pricing | C5: =SUMIF(VSTS_3e70086c_f553_49d1_81be_7ca3114b6431[Parent],Gannt_11052025_11182025!$A5,VSTS_3e70086c_f553_49d1_81be_7ca3114b6431[Original Estimate]) -> 31 | D5: =SUMIF(VSTS_3e70086c_f553_49d1_81be_7ca3114b6431[Parent],Gannt_11052025_11182025!$A5,VSTS_3e70086c_f553_49d1_81be_7ca3114b6431[Remaining Work]) -> 1
A6: 28596 | B6: =_xlfn.XLOOKUP($A6, VSTS_3e70086c_f553_49d1_81be_7ca3114b6431[ID], VSTS_3e70086c_f553_49d1_81be_7ca3114b6431[Title]) -> Design Selections: Image disparity | C6: =SUMIF(VSTS_3e70086c_f553_49d1_81be_7ca3114b6431[Parent],Gannt_11052025_11182025!$A6,VSTS_3e70086c_f553_49d1_81be_7ca3114b6431[Original Estimate]) -> 28 | D6: =SUMIF(VSTS_3e70086c_f553_49d1_81be_7ca3114b6431[Parent],Gannt_11052025_11182025!$A6,VSTS_3e70086c_f553_49d1_81be_7ca3114b6431[Remaining Work]) -> 18
A7: 28613 | B7: =_xlfn.XLOOKUP($A7, VSTS_3e70086c_f553_49d1_81be_7ca3114b6431[ID], VSTS_3e70086c_f553_49d1_81be_7ca3114b6431[Title]) -> Auth: Migrate Spike code to development branch | C7: =SUMIF(VSTS_3e70086c_f553_49d1_81be_7ca3114b6431[Parent],Gannt_11052025_11182025!$A7,VSTS_3e70086c_f553_49d1_81be_7ca3114b6431[Original Estimate]) -> 48.5 | D7: =SUMIF(VSTS_3e70086c_f553_49d1_81be_7ca3114b6431[Parent],Gannt_11052025_11182025!$A7,VSTS_3e70086c_f553_49d1_81be_7ca3114b6431[Remaining Work]) -> 0
A8: 28614 | B8: =_xlfn.XLOOKUP($A8, VSTS_3e70086c_f553_49d1_81be_7ca3114b6431[ID], VSTS_3e70086c_f553_49d1_81be_7ca3114b6431[Title]) -> Auth: Implement domain match policy | C8: =SUMIF(VSTS_3e70086c_f553_49d1_81be_7ca3114b6431[Parent],Gannt_11052025_11182025!$A8,VSTS_3e70086c_f553_49d1_81be_7ca3114b6431[Original Estimate]) -> 43 | D8: =SUMIF(VSTS_3e70086c_f553_49d1_81be_7ca3114b6431[Parent],Gannt_11052025_11182025!$A8,VSTS_3e70086c_f553_49d1_81be_7ca3114b6431[Remaining Work]) -> 5
A9: 28615 | B9: =_xlfn.XLOOKUP($A9, VSTS_3e70086c_f553_49d1_81be_7ca3114b6431[ID], VSTS_3e70086c_f553_49d1_81be_7ca3114b6431[Title]) -> Auth: Okta user can authenticate to VDS | C9: =SUMIF(VSTS_3e70086c_f553_49d1_81be_7ca3114b6431[Parent],Gannt_11052025_11182025!$A9,VSTS_3e70086c_f553_49d1_81be_7ca3114b6431[Original Estimate]) -> 24 | D9: =SUMIF(VSTS_3e70086c_f553_49d1_81be_7ca3114b6431[Parent],Gannt_11052025_11182025!$A9,VSTS_3e70086c_f553_49d1_81be_7ca3114b6431[Remaining Work]) -> 24
A10: 28616 | B10: =_xlfn.XLOOKUP($A10, VSTS_3e70086c_f553_49d1_81be_7ca3114b6431[ID], VSTS_3e70086c_f553_49d1_81be_7ca3114b6431[Title]) -> Auth: display "user not provisioned" error message | C10: =SUMIF(VSTS_3e70086c_f553_49d1_81be_7ca3114b6431[Parent],Gannt_11052025_11182025!$A10,VSTS_3e70086c_f553_49d1_81be_7ca3114b6431[Original Estimate]) -> 18 | D10: =SUMIF(VSTS_3e70086c_f553_49d1_81be_7ca3114b6431[Parent],Gannt_11052025_11182025!$A10,VSTS_3e70086c_f553_49d1_81be_7ca3114b6431[Remaining Work]) -> 2
A11: 28645 | B11: =_xlfn.XLOOKUP($A11, VSTS_3e70086c_f553_49d1_81be_7ca3114b6431[ID], VSTS_3e70086c_f553_49d1_81be_7ca3114b6431[Title]) -> Interfacelift Training "3rd Party Authorization 2" | C11: =SUMIF(VSTS_3e70086c_f553_49d1_81be_7ca3114b6431[Parent],Gannt_11052025_11182025!$A11,VSTS_3e70086c_f553_49d1_81be_7ca3114b6431[Original Estimate]) -> 45 | D11: =SUMIF(VSTS_3e70086c_f553_49d1_81be_7ca3114b6431[Parent],Gannt_11052025_11182025!$A11,VSTS_3e70086c_f553_49d1_81be_7ca3114b6431[Remaining Work]) -> 43.5
A12: 28652 | B12: =_xlfn.XLOOKUP($A12, VSTS_3e70086c_f553_49d1_81be_7ca3114b6431[ID], VSTS_3e70086c_f553_49d1_81be_7ca3114b6431[Title]) -> RC for 11/10 | C12: =SUMIF(VSTS_3e70086c_f553_49d1_81be_7ca3114b6431[Parent],Gannt_11052025_11182025!$A12,VSTS_3e70086c_f553_49d1_81be_7ca3114b6431[Original Estimate]) -> 0 | D12: =SUMIF(VSTS_3e70086c_f553_49d1_81be_7ca3114b6431[Parent],Gannt_11052025_11182025!$A12,VSTS_3e70086c_f553_49d1_81be_7ca3114b6431[Remaining Work]) -> 0
A13: 28653 | B13: =_xlfn.XLOOKUP($A13, VSTS_3e70086c_f553_49d1_81be_7ca3114b6431[ID], VSTS_3e70086c_f553_49d1_81be_7ca3114b6431[Title]) -> Regression Test: Today's Appts | C13: =SUMIF(VSTS_3e70086c_f553_49d1_81be_7ca3114b6431[Parent],Gannt_11052025_11182025!$A13,VSTS_3e70086c_f553_49d1_81be_7ca3114b6431[Original Estimate]) -> 0 | D13: =SUMIF(VSTS_3e70086c_f553_49d1_81be_7ca3114b6431[Parent],Gannt_11052025_11182025!$A13,VSTS_3e70086c_f553_49d1_81be_7ca3114b6431[Remaining Work]) -> 3

Sheet DirectQuery_11052025_11182025
A1: Project: VeoDesignStudio Server: dev.azure.com/buildontechnologies Query: CurrentIterationTaskCapacity List type: Flat
A2: ID | B2: Work Item Type | C2: Title | D2: Tags | E2: Remaining Work | F2: Original Estimate | G2: Activity | H2: Parent
A3: 24239 | B3: Product Backlog Item | C3: Branding: Variablize font color for categories in option pricing | D3: branding
A4: 28596 | B4: Bug | C4: Design Selections: Image disparity
A5: 28613 | B5: Product Backlog Item | C5: Auth: Migrate Spike code to development branch | D5: Auth; scripts | H5: 28426
A6: 28614 | B6: Product Backlog Item | C6: Auth: Implement domain match policy | D6: Auth | H6: 28426
A7: 28615 | B7: Product Backlog Item | C7: Auth: Okta user can authenticate to VDS | D7: Auth | H7: 28426
A8: 28616 | B8: Product Backlog Item | C8: Auth: display "user not provisioned" error message | D8: Auth | H8: 28426
A9: 28645 | B9: Product Backlog Item | C9: Interfacelift Training "3rd Party Authorization 2" | D9: No QA
A10: 28646 | B10: Task | C10: Justin Training | E10: 15 | F10: 15 | G10: Development | H10: 28645
A11: 28647 | B11: Task | C11: Daniel Training | E11: 15 | F11: 15 | G11: Development | H11: 28645
A12: 28648 | B12: Task | C12: Reid Training | E12: 13.5 | F12: 15 | G12: Development | H12: 28645
A13: 28651 | B13: Task | C13: Write Test Cases | E13: 3 | G13: Test Design | H13: 28653
A14: 28652 | B14: Product Backlog Item | C14: RC for 11/10
A15: 28653 | B15: Product Backlog Item | C15: Regression Test: Today's Appts | D15: QA only | H15: 21389
A16: 28654 | B16: Task | C16: Create and deploy RC | G16: Development | H16: 28652
A17: 28655 | B17: Task | C17: Test RC in Staging | G17: Testing | H17: 28652
A18: 28656 | B18: Task | C18: Run e2e automated test in Staging | G18: Testing | H18: 28652
A19: 28657 | B19: Task | C19: Deployment Planning Meeting | H19: 28652
A20: 28658 | B20: Task | C20: Write QA Tests | F20: 3 | G20: Test Design | H20: 28613
A21: 28659 | B21: Task | C21: Execute QA Tests | F21: 4 | G21: Testing | H21: 28613
A22: 28660 | B22: Task | C22: PO Review | F22: 1 | H22: 28613
A23: 28661 | B23: Task | C23: Write QA Tests | F23: 3 | G23: Test Design | H23: 28614
A24: 28662 | B24: Task | C24: Execute QA Tests | E24: 4 | F24: 4 | G24: Testing | H24: 28614
A25: 28663 | B25: Task | C25: PO Review | E25: 1 | F25: 1 | H25: 28614
A26: 28664 | B26: Task | C26: Write QA Tests | E26: 3 | F26: 3 | G26: Test Design | H26: 28615
A27: 28665 | B27: Task | C27: Execute QA Tests | E27: 4 | F27: 4 | G27: Testing | H27: 28615
A28: 28666 | B28: Task | C28: PO Review | E28: 1 | F28: 1 | H28: 28615
A29: 28667 | B29: Task | C29: Entity creation | F29: 2 | G29: Development | H29: 28613
A30: 28668 | B30: Task | C30: Write QA Tests | F30: 2 | G30: Test Design | H30: 28616
A31: 28669 | B31: Task | C31: Execute QA Tests | E31: 1 | F31: 1 | G31: Testing | H31: 28616
A32: 28670 | B32: Task | C32: Run migration | F32: 2 | G32: Development | H32: 28613
A33: 28671 | B33: Task | C33: PO Review | E33: 1 | F33: 1 | H33: 28616
A34: 28672 | B34: Task | C34: Confirmation Testing | E34: 3 | F34: 3 | G34: Testing | H34: 28596
A35: 28673 | B35: Task | C35: Update GetAuthProviders use case | F35: 4 | G35: Development | H35: 28613
A36: 28674 | B36: Task | C36: PO Review | E36: 1 | F36: 1 | H36: 28596
A37: 28675 | B37: Task | C37: Write QA Tests | F37: 2 | G37: Test Design | H37: 24239
A38: 28676 | B38: Task | C38: PO Review | E38: 1 | F38: 1 | H38: 24239
A39: 28677 | B39: Task | C39: Execute QA Tests | F39: 3 | G39: Testing | H39: 24239
A40: 28679 | B40: Task | C40: Validate JWTs | F40: 4 | G40: Development | H40: 28613
A41: 28680 | B41: Task | C41: Update the authenticate use case | F41: 4 | G41: Development | H41: 28613
A42: 28681 | B42: Task | C42: Script auth providers | F42: 1 | G42: Development | H42: 28613
A43: 28682 | B43: Task | C43: In the frontend, remove call to fetch all auth providers | F43: 1 | G43: Development | H43: 28613
A44: 28683 | B44: Task | C44: PR | F44: 3 | G44: Development | H44: 28613
A45: 28684 | B45: Task | C45: Update Postman collection for POST endpoint | F45: 2 | G45: Development | H45: 28613
A46: 28685 | B46: Task | C46: Write unit tests | F46: 8 | G46: Development | H46: 28613
A47: 28686 | B47: Task | C47: Developer Testing | F47: 9 | G47: Development | H47: 28613
A48: 28687 | B48: Task | C48: Entity creation | F48: 2 | G48: Development | H48: 28614
A49: 28688 | B49: Task | C49: Run migration | F49: 2 | G49: Development | H49: 28614
A50: 28689 | B50: Task | C50: Create use case to fetch auth provider from email domain | F50: 4 | G50: Development | H50: 28614
... A57: 28696 | B57: Task | C57: Developer Testing | F57: 9 | G57: Development | H57: 28614
A58: 28697 | B58: Test Plan | C58: 3rd Party Authorization 2
A59: 28698 | B59: Test Suite | C59: 3rd Party Authorization 2
A60: 28701 | B60: Task | C60: Developer Testing | E60: 12 | F60: 12 | G60: Development | H60: 28615
A61: 28702 | B61: Task | C61: Possible code changes | E61: 4 | F61: 4 | G61: Development | H61: 28615
A62: 28703 | B62: Task | C62: Throw specified error when necessary in use case | F62: 2 | G62: Development | H62: 28616
A63: 28704 | B63: Task | C63: Respond to error in UI | F63: 3 | G63: Development | H63: 28616
A64: 28705 | B64: Task | C64: PR | F64: 3 | G64: Development | H64: 28616
A65: 28706 | B65: Task | C65: Developer Testing | F65: 6 | G65: Development | H65: 28616
A66: 28707 | B66: Task | C66: Find the bug | F66: 10 | G66: Development | H66: 28596
A67: 28708 | B67: Task | C67: Document to QA steps to eradicate bug | E67: 2 | F67: 2 | G67: Development | H67: 28596
A68: 28709 | B68: Task | C68: Exterminate da bug | E68: 4 | F68: 4 | G68: Development | H68: 28596
A69: 28710 | B69: Task | C69: PR | E69: 2 | F69: 2 | G69: Development | H69: 28596
A70: 28711 | B70: Task | C70: Developer Testing | E70: 6 | F70: 6 | G70: Development | H70: 28596
A71: 28712 | B71: Task | C71: Create new variable for option pricing menu text | F71: 2 | G71: Development | H71: 24239
A72: 28713 | B72: Task | C72: Create new variable for DMH and DS if necessary | F72: 6 | G72: Development | H72: 24239
A73: 28714 | B73: Task | C73: Map variables to palette slot | F73: 2 | G73: Development | H73: 24239
A74: 28715 | B74: Task | C74: Document changes | F74: 1 | G74: Development | H74: 24239
A75: 28716 | B75: Task | C75: PR | F75: 3 | G75: Development | H75: 24239
A76: 28717 | B76: Task | C76: Developer Testing | F76: 9 | G76: Development | H76: 24239
A77: 28718 | B77: Task | C77: Talk to Rob about Doofenshmirtz | F77: 2 | G77: Development | H77: 24239
A78: 28736 | B78: Task | C78: Update Postman Collection for GET endpoint | F78: 0.5 | H78: 28613
A79: 28745 | B79: Test Case | C79: Branding: Variablize font color for categories in option pricing (Default theme)
A80: 28749 | B80: Test Case | C80: Branding: Variablize font color for categories in option pricing (Custom themes)
A81: 28750 | B81: Test Case | C81: Auth: Migrate Spike code to development branch
A82: 28751 | B82: Test Case | C82: Modify temporary password via VEO Admin
A83: 28849 | B83: Test Suite | C83: 24239 : Branding: Variablize font color for categories in option pricing
A84: 28850 | B84: Test Suite | C84: 28613 : Auth: Migrate Spike code to development branch
A85: 28851 | B85: Test Suite | C85: 28614 : Auth: Implement domain match policy
A86: 28852 | B86: Test Suite | C86: 28615 : Auth: Okta user can authenticate to VDS
A87: 28853 | B87: Test Suite | C87: 28616 : Auth: display "user not provisioned" error message

Sheet Sheet2

Sheet VSTS_ValidationWS_1
A1: value doesn't matter | B1: value doesn't matter | C1: value doesn't matter | D1: value doesn't matter | E1: \ | F1: Deployment | G1: \ | H1: Deployment | I1: Bug | J1: Deployment
A2: readOnlyTestRange_@ | B2: readOnlyTestRange_0 | C2: readOnlyTestRange_M/d/yyyy h:mm AM/PM | D2: readOnlyTestRange_General | E2: \Defects | F2: Design | G2: \Active | H2: Design | I2: Epic | J2: Design
E3: \Integration | F3: Development | G3: \Active\Product Backlog | H3: Development | I3: Feature | J3: Development
E4: \Product Team | F4: Documentation | G4: \Active\Product Backlog\3rd Party Authorization 1 | H4: Documentation | I4: Impediment | J4: Documentation
E5: \Product Team\Story Time | F5: Requirements | G5: \Active\Product Backlog\3rd Party Authorization 2 | H5: Requirements | I5: Initiative | J5: Requirements
E6: \Requests | F6: Testing | G6: \Active\Product Backlog\Assigned Communities 1 | H6: Test Design | I6: Product Backlog Item | J6: Testing
E7: all_VSTS_3e70086c_f553_49d1_81be_7ca3114b6431_System.AreaPath | F7: all_VSTS_3e70086c_f553_49d1_81be_7ca3114b6431_Bug_Microsoft.VSTS.Common.Activity | G7: \Active\Product Backlog\Assigned Communities 2 | H7: Testing | I7: Task | J7: Test Design
G8: \Active\Product Backlog\Branding - Flintrock | H8: all_VSTS_3e70086c_f553_49d1_81be_7ca3114b6431_Task_Microsoft.VSTS.Common.Activity | I8: Test Case | J8: all_VSTS_3e70086c_f553_49d1_81be_7ca3114b6431_Microsoft.VSTS.Common.Activity
G9: \Active\Product Backlog\Branding Theme Editor 1 | I9: all_VSTS_3e70086c_f553_49d1_81be_7ca3114b6431_System.WorkItemType
G10: \Active\Product Backlog\Branding Theme Editor 2
G11: \Active\Product Backlog\Branding Theme Editor 4
G12: \Active\Product Backlog\Branding Theme Editor 5
G13: \Active\Product Backlog\Branding Theme Editor 6
G14: \Active\Product Backlog\Branding Theme Editor 7
G15: \Active\Product Backlog\Branding Theme Version 3
G16: \Active\Product Backlog\Builder Branding - Foundation 1
G17: \Active\Product Backlog\Builder Branding - Foundation 2
G18: \Active\Product Backlog\Builder Branding 3
G19: \Active\Product Backlog\Builder Branding 4
G20: \Active\Product Backlog\Builder Option Codes 1
G21: \Active\Product Backlog\Builder Option Codes 2
... G145: all_VSTS_3e70086c_f553_49d1_81be_7ca3114b6431_System.IterationPath
